{
    "Mediavenir": 1178.1818181818182,
    "EmmanuelMacron": 478.6666666666667,
    "_IDVL": 201.48,
    "AmineMaTue": 127.5,
    "TiboInShape": 123.68571428571428,
    "karmaaOfficiel": 101.88888888888889,
    "TopDesTwittos": 77.0,
    "TopDesHagras": 53.5,
    "RebeuDeter": 48.35294117647059,
    "lenasituations": 39.666666666666664,
    "Frederic_Molas": 28.22222222222222,
    "LaPvlga": 26.296875,
    "Inoxtag": 23.636363636363637,
    "elpaulohermano": 23.51851851851852,
    "NetflixFR": 22.62,
    "PatrickAdemo": 17.394736842105264,
    "ConseilDenc": 17.0,
    "Meltamaok": 16.06382978723404,
    "JVCom": 14.989583333333334,
    "SauceRouge": 13.146341463414634,
    "leroidesrats": 9.88,
    "PicturesFolder_": 9.571428571428571,
    "malik_bmz": 8.333333333333334,
    "cpastibo": 8.17,
    "EcrisioFX": 8.0,
    "idkbvtimleila": 7.84,
    "MrAntoineDaniel": 7.333333333333333,
    "Sardoche_Lol": 6.745098039215686,
    "Kammeto": 6.12,
    "DylanKujo2": 5.067415730337078,
    "KonoYimeDa": 5.025,
    "terracid": 5.0,
    "ploufa_yt": 4.571428571428571,
    "superhenrytran": 4.125,
    "Cyril_mp4": 4.0,
    "AREtoiles": 3.857142857142857,
    "Manu_QLF": 3.171875,
    "Grimkujow_": 3.044776119402985,
    "_Houc": 2.623529411764706,
    "RayanAbeille27": 2.246153846153846,
    "Maghla": 2.0,
    "DephaseuR": 1.9565217391304348,
    "gaspardooo": 1.8591549295774648,
    "Zongolol": 1.7857142857142858,
    "EncoreBouly": 1.6842105263157894,
    "poncefleur": 1.5238095238095237,
    "nabilnrv": 1.4385964912280702,
    "KCAmelie": 1.125,
    "theomcx": 1.12,
    "LittleBigWhale": 1.1111111111111112,
    "kPeriods": 1.1,
    "LeBouseuh": 1.0588235294117647,
    "Ricadam_lol": 1.0,
    "Superconeri": 1.0,
    "BakaBoo_": 0.8823529411764706,
    "ImSoFresh_K": 0.7313432835820896,
    "Lockl34r": 0.7,
    "Arkunir": 0.6875,
    "JosplaySENPAI": 0.625,
    "KoumoBur": 0.5454545454545454,
    "Bren_TM2": 0.42857142857142855,
    "Shironeeeki": 0.4262295081967213,
    "ZeratoR": 0.36363636363636365,
    "AypierreMc": 0.35294117647058826,
    "CabochardLoL": 0.3333333333333333,
    "kingchris287": 0.26666666666666666,
    "Theorus_": 0.2653061224489796,
    "kidankas": 0.2,
    "TwittosHumour": 0.16666666666666666,
    "Biffat_": 0.015625,
    "Gotaga": 0.0,
    "Shotlouf_": 0.0,
    "mcxtheo": 0.0,
    "JeNeFaisPas1m78": 0.0,
    "Ksocietyyyy": 0.0,
    "amine667__": 0.0,
    "Savunew": 0.0,
    "Areliannn": 0.0,
    "Sheshounet": 0.0,
    "JuliaBayonetta": 0.0,
    "mastuu_": 0.0
}