{
    "EmmanuelMacron": 6240.083333333333,
    "Mediavenir": 3958.3636363636365,
    "_IDVL": 2928.36,
    "TopDesTwittos": 2067.0,
    "karmaaOfficiel": 1317.4444444444443,
    "TopDesHagras": 954.5,
    "Frederic_Molas": 692.7777777777778,
    "PatrickAdemo": 646.3947368421053,
    "AmineMaTue": 347.0,
    "ConseilDenc": 293.75,
    "TiboInShape": 275.25714285714287,
    "lenasituations": 239.55555555555554,
    "RebeuDeter": 220.05882352941177,
    "PicturesFolder_": 219.71428571428572,
    "terracid": 181.85714285714286,
    "Inoxtag": 164.36363636363637,
    "DylanKujo2": 163.46067415730337,
    "LaPvlga": 140.734375,
    "EcrisioFX": 122.3409090909091,
    "DephaseuR": 117.91304347826087,
    "SauceRouge": 110.6829268292683,
    "JVCom": 97.44791666666667,
    "leroidesrats": 90.28,
    "CabochardLoL": 89.0,
    "Kammeto": 86.08,
    "malik_bmz": 66.23076923076923,
    "Meltamaok": 62.48936170212766,
    "Grimkujow_": 55.19402985074627,
    "superhenrytran": 54.0,
    "cpastibo": 53.31,
    "elpaulohermano": 49.18518518518518,
    "nabilnrv": 48.35087719298246,
    "Bren_TM2": 46.0,
    "Maghla": 43.35,
    "NetflixFR": 38.97,
    "Ricadam_lol": 38.166666666666664,
    "Sardoche_Lol": 35.529411764705884,
    "KonoYimeDa": 34.225,
    "EncoreBouly": 34.026315789473685,
    "Arkunir": 31.59375,
    "Manu_QLF": 29.71875,
    "BakaBoo_": 29.647058823529413,
    "RayanAbeille27": 28.153846153846153,
    "poncefleur": 28.142857142857142,
    "gaspardooo": 26.197183098591548,
    "Cyril_mp4": 22.0,
    "MrAntoineDaniel": 22.0,
    "Superconeri": 19.0,
    "AREtoiles": 18.58730158730159,
    "Theorus_": 12.775510204081632,
    "_Houc": 12.6,
    "kidankas": 12.1,
    "LeBouseuh": 11.941176470588236,
    "Savunew": 11.5,
    "Lockl34r": 10.6,
    "kPeriods": 10.5,
    "LittleBigWhale": 10.222222222222221,
    "ZeratoR": 10.0,
    "AypierreMc": 9.705882352941176,
    "kingchris287": 9.133333333333333,
    "ploufa_yt": 8.928571428571429,
    "idkbvtimleila": 6.08,
    "KoumoBur": 5.318181818181818,
    "Shironeeeki": 3.8688524590163933,
    "Zongolol": 3.7857142857142856,
    "theomcx": 3.72,
    "JosplaySENPAI": 3.375,
    "Sheshounet": 2.9642857142857144,
    "ImSoFresh_K": 2.8805970149253732,
    "Areliannn": 2.0,
    "KCAmelie": 1.5,
    "Gotaga": 1.0,
    "mastuu_": 1.0,
    "JuliaBayonetta": 0.75,
    "TwittosHumour": 0.48148148148148145,
    "JeNeFaisPas1m78": 0.2,
    "Shotlouf_": 0.04878048780487805,
    "mcxtheo": 0.0,
    "Ksocietyyyy": 0.0,
    "Biffat_": 0.0,
    "amine667__": 0.0
}