{
    "EmmanuelMacron": 38263.416666666664,
    "Mediavenir": 29966.272727272728,
    "_IDVL": 26341.2,
    "TopDesTwittos": 22743.0,
    "TopDesHagras": 14451.9,
    "karmaaOfficiel": 12610.888888888889,
    "Inoxtag": 9775.09090909091,
    "Frederic_Molas": 9656.555555555555,
    "lenasituations": 9000.111111111111,
    "terracid": 7570.571428571428,
    "ConseilDenc": 6653.5,
    "RebeuDeter": 5963.764705882353,
    "PatrickAdemo": 5686.026315789473,
    "TiboInShape": 5532.714285714285,
    "AmineMaTue": 4520.5,
    "PicturesFolder_": 3416.1428571428573,
    "Kammeto": 2171.18,
    "CabochardLoL": 1979.5,
    "Sardoche_Lol": 1867.8823529411766,
    "superhenrytran": 1804.0,
    "DylanKujo2": 1791.685393258427,
    "LaPvlga": 1736.328125,
    "MrAntoineDaniel": 1725.5555555555557,
    "poncefleur": 1711.5714285714287,
    "DephaseuR": 1660.6521739130435,
    "Ricadam_lol": 1646.3333333333333,
    "SauceRouge": 1616.2682926829268,
    "EcrisioFX": 1433.1363636363637,
    "Maghla": 1359.4,
    "Bren_TM2": 1351.7142857142858,
    "Arkunir": 1332.3125,
    "Superconeri": 1272.5,
    "LeBouseuh": 1256.764705882353,
    "Grimkujow_": 1073.4626865671642,
    "leroidesrats": 1055.16,
    "cpastibo": 1022.32,
    "EncoreBouly": 921.5263157894736,
    "AREtoiles": 915.7142857142857,
    "nabilnrv": 740.1929824561404,
    "malik_bmz": 724.9230769230769,
    "elpaulohermano": 646.0925925925926,
    "Meltamaok": 637.4042553191489,
    "JVCom": 626.15625,
    "gaspardooo": 619.7042253521126,
    "ZeratoR": 542.6363636363636,
    "Lockl34r": 462.4,
    "Manu_QLF": 459.34375,
    "Cyril_mp4": 458.0,
    "AypierreMc": 421.05882352941177,
    "NetflixFR": 420.64,
    "KonoYimeDa": 392.95,
    "RayanAbeille27": 386.16923076923075,
    "kidankas": 371.3,
    "Theorus_": 329.42857142857144,
    "ploufa_yt": 299.7142857142857,
    "Sheshounet": 288.4642857142857,
    "_Houc": 286.0,
    "KoumoBur": 234.04545454545453,
    "Savunew": 220.0,
    "LittleBigWhale": 169.88888888888889,
    "idkbvtimleila": 168.31,
    "BakaBoo_": 137.05882352941177,
    "JosplaySENPAI": 134.5625,
    "kPeriods": 133.7,
    "theomcx": 123.3,
    "Zongolol": 110.28571428571429,
    "KCAmelie": 97.375,
    "ImSoFresh_K": 93.82089552238806,
    "Areliannn": 88.07142857142857,
    "kingchris287": 82.6,
    "TwittosHumour": 66.68518518518519,
    "Shironeeeki": 57.0655737704918,
    "JuliaBayonetta": 25.0,
    "mastuu_": 16.0,
    "amine667__": 12.409090909090908,
    "Gotaga": 12.0,
    "JeNeFaisPas1m78": 7.0,
    "Biffat_": 3.03125,
    "Ksocietyyyy": 0.9333333333333333,
    "Shotlouf_": 0.5609756097560976,
    "mcxtheo": 0.0
}