{
    "EmmanuelMacron": 2045.6666666666667,
    "Mediavenir": 761.0909090909091,
    "PatrickAdemo": 341.89473684210526,
    "TiboInShape": 240.54285714285714,
    "Frederic_Molas": 179.22222222222223,
    "Inoxtag": 121.36363636363636,
    "RebeuDeter": 113.17647058823529,
    "karmaaOfficiel": 110.55555555555556,
    "_IDVL": 92.0,
    "AmineMaTue": 91.0,
    "TopDesHagras": 77.9,
    "TopDesTwittos": 76.0,
    "superhenrytran": 61.5,
    "Kammeto": 47.54,
    "lenasituations": 40.666666666666664,
    "Cyril_mp4": 34.0,
    "cpastibo": 33.09,
    "JVCom": 29.90625,
    "NetflixFR": 26.29,
    "MrAntoineDaniel": 25.666666666666668,
    "Sardoche_Lol": 25.568627450980394,
    "ConseilDenc": 24.0,
    "LaPvlga": 23.578125,
    "AREtoiles": 23.444444444444443,
    "EcrisioFX": 20.90909090909091,
    "Ricadam_lol": 18.333333333333332,
    "LeBouseuh": 18.294117647058822,
    "terracid": 18.0,
    "Bren_TM2": 17.285714285714285,
    "PicturesFolder_": 14.714285714285714,
    "DylanKujo2": 13.865168539325843,
    "SauceRouge": 13.268292682926829,
    "idkbvtimleila": 12.06,
    "Maghla": 11.55,
    "elpaulohermano": 10.87037037037037,
    "ZeratoR": 10.772727272727273,
    "Sheshounet": 10.607142857142858,
    "KoumoBur": 10.227272727272727,
    "ploufa_yt": 9.785714285714286,
    "leroidesrats": 9.52,
    "Arkunir": 8.84375,
    "poncefleur": 8.333333333333334,
    "CabochardLoL": 8.0,
    "kPeriods": 7.8,
    "Grimkujow_": 7.686567164179104,
    "malik_bmz": 7.3076923076923075,
    "Manu_QLF": 6.578125,
    "gaspardooo": 6.492957746478873,
    "Lockl34r": 6.4,
    "KonoYimeDa": 6.3,
    "EncoreBouly": 6.026315789473684,
    "DephaseuR": 5.826086956521739,
    "AypierreMc": 5.352941176470588,
    "JosplaySENPAI": 5.0625,
    "KCAmelie": 5.0,
    "Superconeri": 5.0,
    "Zongolol": 4.714285714285714,
    "_Houc": 4.470588235294118,
    "ImSoFresh_K": 4.17910447761194,
    "Gotaga": 4.0,
    "BakaBoo_": 3.9411764705882355,
    "nabilnrv": 3.8596491228070176,
    "RayanAbeille27": 3.6769230769230767,
    "theomcx": 3.4,
    "Meltamaok": 3.382978723404255,
    "TwittosHumour": 2.888888888888889,
    "LittleBigWhale": 2.888888888888889,
    "Theorus_": 2.183673469387755,
    "JuliaBayonetta": 2.0,
    "mastuu_": 2.0,
    "kidankas": 1.9,
    "Shironeeeki": 1.8032786885245902,
    "Biffat_": 1.109375,
    "Areliannn": 1.0714285714285714,
    "Ksocietyyyy": 1.0666666666666667,
    "JeNeFaisPas1m78": 1.0,
    "kingchris287": 0.8,
    "amine667__": 0.6363636363636364,
    "Shotlouf_": 0.6097560975609756,
    "mcxtheo": 0.0,
    "Savunew": 0.0
}